{"cameraMode":{"drawMode":0,"name":"Shaded","section":"Shading Mode"},"sceneLighting":true,"audioPlay":false,"sceneViewState":{"showFog":true,"showMaterialUpdate":false,"showSkybox":true,"showFlares":true,"showImageEffects":true,"showParticleSystems":true},"in2DMode":false,"pivot":{"x":42.37661361694336,"y":124.40396118164063,"z":-0.342742919921875},"rotation":{"x":0.016789887100458146,"y":-0.04734787717461586,"z":0.0008207413484342396,"w":0.9987907409667969},"size":141.0250244140625,"orthographic":false}