{"cameraMode":{"drawMode":0,"name":"Shaded","section":"Shading Mode"},"sceneLighting":false,"audioPlay":false,"sceneViewState":{"showFog":true,"showMaterialUpdate":false,"showSkybox":false,"showFlares":true,"showImageEffects":true,"showParticleSystems":true},"in2DMode":false,"pivot":{"x":1.500000238418579,"y":0.062499403953552249,"z":1.4999992847442628},"rotation":{"x":0.21820634603500367,"y":-0.08416397124528885,"z":0.018950385972857477,"w":0.9721193313598633},"size":2.1222498416900636,"orthographic":false}